Time: 2026-03-19 10:13:57.850628, Current moisture: 12.0, Raw moisture: 55.09
Time: 2026-03-19 10:30:01.736041, Current moisture: 12.0, Raw moisture: 50.806666666666665
Time: 2026-03-19 10:45:02.013189, Current moisture: 12.0, Raw moisture: 46.416666666666664
Time: 2026-03-19 11:00:01.283854, Current moisture: 12.0, Raw moisture: 32.70333333333333
Time: 2026-03-19 11:15:01.660623, Current moisture: 12.0, Raw moisture: 60.11
Time: 2026-03-19 11:30:01.947083, Current moisture: 12.0, Raw moisture: 51.99
Time: 2026-03-19 11:45:01.223590, Current moisture: 12.0, Raw moisture: 51.57333333333333
Time: 2026-03-19 12:00:01.526333, Current moisture: 12.0, Raw moisture: 42.083333333333336
Time: 2026-03-19 12:15:01.896818, Current moisture: 12.0, Raw moisture: 55.46666666666667
Time: 2026-03-19 12:30:01.211365, Current moisture: 12.0, Raw moisture: 48.05
Time: 2026-03-19 12:45:01.469953, Current moisture: 12.0, Raw moisture: 49.47666666666667
Time: 2026-03-19 13:00:01.742716, Current moisture: 12.0, Raw moisture: 35.79
Time: 2026-03-19 13:15:02.113769, Current moisture: 12.0, Raw moisture: 47.843333333333334
Time: 2026-03-19 13:30:01.408747, Current moisture: 12.0, Raw moisture: 52.026666666666664
Time: 2026-03-19 13:45:01.681428, Current moisture: 12.0, Raw moisture: 53.35666666666667
Time: 2026-03-19 14:00:01.974352, Current moisture: 12.0, Raw moisture: 45.22666666666667
Time: 2026-03-19 14:15:01.325316, Current moisture: 12.0, Raw moisture: 44.96666666666667
Time: 2026-03-19 14:30:01.626224, Current moisture: 12.0, Raw moisture: 44.38
Time: 2026-03-19 14:45:01.885869, Current moisture: 12.0, Raw moisture: 55.33
Time: 2026-03-19 15:00:02.152483, Current moisture: 12.0, Raw moisture: 63.06333333333333
Time: 2026-03-19 15:15:01.522040, Current moisture: 12.0, Raw moisture: 57.42
Time: 2026-03-19 15:30:01.828159, Current moisture: 12.0, Raw moisture: 50.513333333333335
Time: 2026-03-19 15:45:02.097407, Current moisture: 12.0, Raw moisture: 59.05
Time: 2026-03-19 16:00:01.393320, Current moisture: 12.0, Raw moisture: 35.89666666666667
Time: 2026-03-19 16:15:01.761170, Current moisture: 12.0, Raw moisture: 56.153333333333336
Time: 2026-03-19 16:30:02.068588, Current moisture: 12.0, Raw moisture: 45.803333333333335
Time: 2026-03-19 16:45:01.337166, Current moisture: 12.0, Raw moisture: 48.86333333333334
Time: 2026-03-19 17:00:01.621503, Current moisture: 12.0, Raw moisture: 50.38666666666666
Time: 2026-03-19 17:15:01.991094, Current moisture: 12.0, Raw moisture: 55.33
Time: 2026-03-19 17:30:01.295651, Current moisture: 12.0, Raw moisture: 40.51
Time: 2026-03-19 17:45:01.581309, Current moisture: 12.0, Raw moisture: 59.35666666666667
Time: 2026-03-19 18:00:01.868391, Current moisture: 12.0, Raw moisture: 43.483333333333334
Time: 2026-03-19 18:15:01.238527, Current moisture: 12.0, Raw moisture: 53.58
Time: 2026-03-19 18:30:01.540024, Current moisture: 12.0, Raw moisture: 54.77333333333333
Time: 2026-03-19 18:45:01.821757, Current moisture: 12.0, Raw moisture: 55.72666666666667
Time: 2026-03-19 19:00:02.112379, Current moisture: 12.0, Raw moisture: 35.39
Time: 2026-03-19 19:15:01.485307, Current moisture: 12.0, Raw moisture: 54.333333333333336
Time: 2026-03-19 19:30:01.781265, Current moisture: 12.0, Raw moisture: 52.45333333333333
Time: 2026-03-19 19:45:02.060407, Current moisture: 12.0, Raw moisture: 57.88
Time: 2026-03-19 20:00:01.350165, Current moisture: 11.9, Raw moisture: 24.71
Time: 2026-03-19 20:15:01.724821, Current moisture: 12.0, Raw moisture: 51.33
Time: 2026-03-19 20:30:02.030321, Current moisture: 12.0, Raw moisture: 50.81666666666667
Time: 2026-03-19 20:45:01.308230, Current moisture: 12.0, Raw moisture: 48.82333333333333
Time: 2026-03-19 21:00:01.596652, Current moisture: 10.2, Raw moisture: 21.003333333333334
Time: 2026-03-19 21:15:01.958372, Current moisture: 12.0, Raw moisture: 46.13
Time: 2026-03-19 21:30:01.260658, Current moisture: 12.0, Raw moisture: 57.2
Time: 2026-03-19 21:45:01.520283, Current moisture: 12.0, Raw moisture: 59.156666666666666
Time: 2026-03-19 22:00:01.804752, Current moisture: 12.0, Raw moisture: 54.41
Time: 2026-03-19 22:15:01.171656, Current moisture: 12.0, Raw moisture: 55.623333333333335
Time: 2026-03-19 22:30:01.460838, Current moisture: 12.0, Raw moisture: 54.28666666666667
Time: 2026-03-19 22:45:01.729083, Current moisture: 12.0, Raw moisture: 50.803333333333335
Time: 2026-03-19 23:00:02.008772, Current moisture: 12.0, Raw moisture: 33.026666666666664
Time: 2026-03-19 23:15:01.367862, Current moisture: 12.0, Raw moisture: 49.656666666666666
Time: 2026-03-19 23:30:01.668184, Current moisture: 12.0, Raw moisture: 56.833333333333336
Time: 2026-03-19 23:45:01.936873, Current moisture: 12.0, Raw moisture: 56.63666666666666
Time: 2026-03-20 00:00:01.225943, Current moisture: 12.0, Raw moisture: 52.52
Time: 2026-03-20 00:15:01.579725, Current moisture: 12.0, Raw moisture: 58.67333333333333
Time: 2026-03-20 00:30:01.883886, Current moisture: 12.0, Raw moisture: 54.25666666666667
Time: 2026-03-20 00:45:02.155122, Current moisture: 12.0, Raw moisture: 55.25666666666667
Time: 2026-03-20 01:00:01.439281, Current moisture: 12.0, Raw moisture: 40.913333333333334
Time: 2026-03-20 01:15:01.797699, Current moisture: 12.0, Raw moisture: 60.333333333333336
Time: 2026-03-20 01:30:02.099227, Current moisture: 12.0, Raw moisture: 46.333333333333336
Time: 2026-03-20 01:45:01.375062, Current moisture: 12.0, Raw moisture: 45.46333333333333
Time: 2026-03-20 02:00:01.658792, Current moisture: 12.0, Raw moisture: 37.18666666666667
Time: 2026-03-20 02:15:02.023785, Current moisture: 12.0, Raw moisture: 54.18666666666667
Time: 2026-03-20 02:30:01.325605, Current moisture: 12.0, Raw moisture: 52.973333333333336
Time: 2026-03-20 02:45:01.598995, Current moisture: 12.0, Raw moisture: 48.20333333333333
Time: 2026-03-20 03:00:01.889968, Current moisture: 12.0, Raw moisture: 45.39666666666667
Time: 2026-03-20 03:15:01.274794, Current moisture: 12.0, Raw moisture: 49.653333333333336
Time: 2026-03-20 03:30:01.579650, Current moisture: 12.0, Raw moisture: 44.29666666666667
Time: 2026-03-20 03:45:01.852144, Current moisture: 12.0, Raw moisture: 57.156666666666666
Time: 2026-03-20 04:00:02.142018, Current moisture: 10.9, Raw moisture: 22.486666666666668
Time: 2026-03-20 04:15:01.517474, Current moisture: 12.0, Raw moisture: 52.54666666666667
Time: 2026-03-20 04:30:01.830353, Current moisture: 12.0, Raw moisture: 49.95666666666666
Time: 2026-03-20 04:45:02.102024, Current moisture: 12.0, Raw moisture: 52.806666666666665
Time: 2026-03-20 05:00:01.386578, Current moisture: 12.0, Raw moisture: 37.17333333333333
Time: 2026-03-20 05:15:01.743624, Current moisture: 12.0, Raw moisture: 54.82333333333333
Time: 2026-03-20 05:30:02.043450, Current moisture: 12.0, Raw moisture: 51.79333333333334
Time: 2026-03-20 05:45:01.314697, Current moisture: 12.0, Raw moisture: 45.70333333333333
Time: 2026-03-20 06:00:01.597610, Current moisture: 12.0, Raw moisture: 32.22666666666667
Time: 2026-03-20 06:15:01.959250, Current moisture: 12.0, Raw moisture: 50.28333333333333
Time: 2026-03-20 06:30:01.309302, Current moisture: 12.0, Raw moisture: 55.32333333333333
Time: 2026-03-20 06:45:01.582016, Current moisture: 12.0, Raw moisture: 50.74333333333333
Time: 2026-03-20 07:00:01.866947, Current moisture: 12.0, Raw moisture: 29.656666666666666
Time: 2026-03-20 07:15:01.170227, Current moisture: 12.0, Raw moisture: 45.86333333333334
Time: 2026-03-20 07:30:01.414452, Current moisture: 12.0, Raw moisture: 46.77
Time: 2026-03-20 07:45:01.634290, Current moisture: 12.0, Raw moisture: 49.49
Time: 2026-03-20 08:00:01.921886, Current moisture: 12.0, Raw moisture: 45.723333333333336
Time: 2026-03-20 08:15:01.283895, Current moisture: 12.0, Raw moisture: 49.87
Time: 2026-03-20 08:30:01.597392, Current moisture: 12.0, Raw moisture: 52.45
Time: 2026-03-20 08:45:01.875606, Current moisture: 12.0, Raw moisture: 45.276666666666664
Time: 2026-03-20 09:00:02.159023, Current moisture: 12.0, Raw moisture: 47.64333333333333
Time: 2026-03-20 09:15:01.526261, Current moisture: 12.0, Raw moisture: 54.18
Time: 2026-03-20 09:30:01.816962, Current moisture: 12.0, Raw moisture: 49.05
Time: 2026-03-20 09:45:02.086648, Current moisture: 12.0, Raw moisture: 56.06333333333333
Time: 2026-03-20 10:00:01.362213, Current moisture: 12.0, Raw moisture: 47.0
Time: 2026-03-20 10:15:01.720200, Current moisture: 12.0, Raw moisture: 56.73
Time: 2026-03-20 10:30:02.019033, Current moisture: 12.0, Raw moisture: 48.54333333333334
Time: 2026-03-20 10:45:01.292927, Current moisture: 12.0, Raw moisture: 54.41
Time: 2026-03-20 11:00:01.566282, Current moisture: 12.0, Raw moisture: 39.53
Time: 2026-03-20 11:15:01.922487, Current moisture: 12.0, Raw moisture: 49.43
Time: 2026-03-20 11:30:01.217864, Current moisture: 12.0, Raw moisture: 55.31333333333333
Time: 2026-03-20 11:45:01.497642, Current moisture: 12.0, Raw moisture: 44.20333333333333
Time: 2026-03-20 12:00:01.808917, Current moisture: 12.0, Raw moisture: 51.24666666666667
Time: 2026-03-20 12:15:02.165006, Current moisture: 12.0, Raw moisture: 52.55
Time: 2026-03-20 12:30:01.453331, Current moisture: 12.0, Raw moisture: 45.06666666666667
Time: 2026-03-20 12:45:01.720808, Current moisture: 12.0, Raw moisture: 58.483333333333334
Time: 2026-03-20 13:00:01.976232, Current moisture: 12.0, Raw moisture: 37.17
Time: 2026-03-20 13:15:01.342552, Current moisture: 12.0, Raw moisture: 52.406666666666666
Time: 2026-03-20 13:30:01.641617, Current moisture: 12.0, Raw moisture: 60.486666666666665
Time: 2026-03-20 13:45:01.569369, Current moisture: 12.0, Raw moisture: 51.35333333333333
Time: 2026-03-20 14:00:01.853881, Current moisture: 12.0, Raw moisture: 35.016666666666666
Time: 2026-03-20 14:15:01.211624, Current moisture: 12.0, Raw moisture: 51.79333333333334
Time: 2026-03-20 14:30:01.519057, Current moisture: 12.0, Raw moisture: 63.55
Time: 2026-03-20 14:45:01.786571, Current moisture: 12.0, Raw moisture: 57.50333333333333
Time: 2026-03-20 15:00:02.069803, Current moisture: 12.0, Raw moisture: 48.25333333333333
Time: 2026-03-20 15:15:01.422883, Current moisture: 12.0, Raw moisture: 53.18333333333333
Time: 2026-03-20 15:30:01.723770, Current moisture: 12.0, Raw moisture: 51.85666666666667
Time: 2026-03-20 15:45:02.001235, Current moisture: 12.0, Raw moisture: 57.516666666666666
Time: 2026-03-20 16:00:01.284258, Current moisture: 12.0, Raw moisture: 40.95333333333333
Time: 2026-03-20 16:15:01.636724, Current moisture: 12.0, Raw moisture: 50.69
Time: 2026-03-20 16:30:01.935508, Current moisture: 12.0, Raw moisture: 49.9
Time: 2026-03-20 16:45:01.206798, Current moisture: 12.0, Raw moisture: 45.73
Time: 2026-03-20 17:00:01.491088, Current moisture: 12.0, Raw moisture: 47.45666666666666
Time: 2026-03-20 17:15:01.852070, Current moisture: 12.0, Raw moisture: 52.656666666666666
Time: 2026-03-20 17:30:02.147794, Current moisture: 12.0, Raw moisture: 46.39
Time: 2026-03-20 17:45:01.399785, Current moisture: 12.0, Raw moisture: 53.49
Time: 2026-03-20 18:00:01.666124, Current moisture: 12.0, Raw moisture: 35.42
Time: 2026-03-20 18:15:02.022358, Current moisture: 12.0, Raw moisture: 48.556666666666665
Time: 2026-03-20 18:30:01.328460, Current moisture: 12.0, Raw moisture: 58.81
Time: 2026-03-20 18:45:01.581094, Current moisture: 12.0, Raw moisture: 48.766666666666666
Time: 2026-03-20 19:00:01.860630, Current moisture: 12.0, Raw moisture: 41.666666666666664
Time: 2026-03-20 19:15:01.219446, Current moisture: 12.0, Raw moisture: 60.663333333333334
Time: 2026-03-20 19:30:01.515658, Current moisture: 12.0, Raw moisture: 52.27333333333333
Time: 2026-03-20 19:45:01.770251, Current moisture: 12.0, Raw moisture: 48.86333333333334
Time: 2026-03-20 20:00:02.051606, Current moisture: 12.0, Raw moisture: 32.943333333333335
Time: 2026-03-20 20:15:01.408138, Current moisture: 12.0, Raw moisture: 63.60666666666667
Time: 2026-03-20 20:30:01.701380, Current moisture: 12.0, Raw moisture: 53.876666666666665
Time: 2026-03-20 20:45:01.969155, Current moisture: 12.0, Raw moisture: 60.013333333333335
Time: 2026-03-20 21:00:01.251935, Current moisture: 12.0, Raw moisture: 48.373333333333335
Time: 2026-03-20 21:15:01.614985, Current moisture: 12.0, Raw moisture: 46.35333333333333
Time: 2026-03-20 21:30:01.924531, Current moisture: 12.0, Raw moisture: 61.77
Time: 2026-03-20 21:45:01.188770, Current moisture: 12.0, Raw moisture: 48.23
Time: 2026-03-20 22:00:01.472704, Current moisture: 12.0, Raw moisture: 57.5
Time: 2026-03-20 22:15:01.829534, Current moisture: 12.0, Raw moisture: 51.56333333333333
Time: 2026-03-20 22:30:02.125249, Current moisture: 12.0, Raw moisture: 49.416666666666664
Time: 2026-03-20 22:45:01.392758, Current moisture: 12.0, Raw moisture: 56.13333333333333
Time: 2026-03-20 23:00:01.674204, Current moisture: 12.0, Raw moisture: 46.39666666666667
Time: 2026-03-20 23:15:02.026381, Current moisture: 12.0, Raw moisture: 58.7
Time: 2026-03-20 23:30:01.322643, Current moisture: 12.0, Raw moisture: 51.72666666666667
Time: 2026-03-20 23:45:01.590090, Current moisture: 12.0, Raw moisture: 58.41
Time: 2026-03-21 00:00:01.859713, Current moisture: 12.0, Raw moisture: 37.64333333333333
Time: 2026-03-21 00:15:01.211591, Current moisture: 12.0, Raw moisture: 55.62
Time: 2026-03-21 00:30:01.507294, Current moisture: 12.0, Raw moisture: 45.31
Time: 2026-03-21 00:45:01.773140, Current moisture: 12.0, Raw moisture: 62.00666666666667
Time: 2026-03-21 01:00:02.060143, Current moisture: 12.0, Raw moisture: 41.166666666666664
Time: 2026-03-21 01:15:01.417589, Current moisture: 12.0, Raw moisture: 53.72666666666667
Time: 2026-03-21 01:30:01.727849, Current moisture: 12.0, Raw moisture: 52.986666666666665
Time: 2026-03-21 01:45:01.997057, Current moisture: 12.0, Raw moisture: 61.77
Time: 2026-03-21 02:00:01.281401, Current moisture: 12.0, Raw moisture: 45.766666666666666
Time: 2026-03-21 02:15:01.645522, Current moisture: 12.0, Raw moisture: 57.36
Time: 2026-03-21 02:30:01.947227, Current moisture: 12.0, Raw moisture: 53.07333333333333
Time: 2026-03-21 02:45:01.220709, Current moisture: 12.0, Raw moisture: 61.833333333333336
Time: 2026-03-21 03:00:01.496591, Current moisture: 12.0, Raw moisture: 55.843333333333334
Time: 2026-03-21 03:15:01.874819, Current moisture: 12.0, Raw moisture: 43.67333333333333
Time: 2026-03-21 03:30:01.168210, Current moisture: 12.0, Raw moisture: 59.596666666666664
Time: 2026-03-21 03:45:01.435316, Current moisture: 12.0, Raw moisture: 49.843333333333334
Time: 2026-03-21 04:00:01.716840, Current moisture: 12.0, Raw moisture: 40.473333333333336
Time: 2026-03-21 04:15:02.067006, Current moisture: 12.0, Raw moisture: 51.85333333333333
Time: 2026-03-21 04:30:01.362105, Current moisture: 12.0, Raw moisture: 51.88333333333333
Time: 2026-03-21 04:45:01.630199, Current moisture: 12.0, Raw moisture: 51.70666666666666
Time: 2026-03-21 05:00:01.912650, Current moisture: 12.0, Raw moisture: 55.95333333333333
Time: 2026-03-21 05:15:01.262511, Current moisture: 12.0, Raw moisture: 48.406666666666666
Time: 2026-03-21 05:30:01.565751, Current moisture: 12.0, Raw moisture: 44.596666666666664
Time: 2026-03-21 05:45:01.837172, Current moisture: 12.0, Raw moisture: 52.15
Time: 2026-03-21 06:00:02.117745, Current moisture: 12.0, Raw moisture: 32.38
Time: 2026-03-21 06:15:01.469185, Current moisture: 12.0, Raw moisture: 50.82333333333333
Time: 2026-03-21 06:30:01.816774, Current moisture: 12.0, Raw moisture: 58.64666666666667
Time: 2026-03-21 06:45:02.085847, Current moisture: 12.0, Raw moisture: 54.11666666666667
Time: 2026-03-21 07:00:01.367889, Current moisture: 12.0, Raw moisture: 42.346666666666664
Time: 2026-03-21 07:15:01.718268, Current moisture: 12.0, Raw moisture: 57.79333333333334
Time: 2026-03-21 07:30:02.014545, Current moisture: 12.0, Raw moisture: 51.68
Time: 2026-03-21 07:45:01.291440, Current moisture: 12.0, Raw moisture: 44.85666666666667
Time: 2026-03-21 08:00:01.565559, Current moisture: 12.0, Raw moisture: 49.29333333333334
Time: 2026-03-21 08:15:01.921351, Current moisture: 12.0, Raw moisture: 53.68333333333333
Time: 2026-03-21 08:30:01.212919, Current moisture: 12.0, Raw moisture: 49.27
Time: 2026-03-21 08:45:01.481581, Current moisture: 12.0, Raw moisture: 50.06333333333333
Time: 2026-03-21 09:00:01.758583, Current moisture: 12.0, Raw moisture: 30.803333333333335
Time: 2026-03-21 09:15:02.120425, Current moisture: 12.0, Raw moisture: 54.846666666666664
Time: 2026-03-21 09:30:01.418602, Current moisture: 12.0, Raw moisture: 56.46666666666667
Time: 2026-03-21 09:45:01.691727, Current moisture: 12.0, Raw moisture: 53.33
Time: 2026-03-21 10:00:01.976602, Current moisture: 12.0, Raw moisture: 57.78
Time: 2026-03-21 10:15:01.333650, Current moisture: 12.0, Raw moisture: 48.593333333333334
Time: 2026-03-21 10:30:01.635099, Current moisture: 12.0, Raw moisture: 50.84
Time: 2026-03-21 10:45:01.903232, Current moisture: 12.0, Raw moisture: 57.913333333333334
Time: 2026-03-21 11:00:01.184424, Current moisture: 12.0, Raw moisture: 48.79
Time: 2026-03-21 11:15:01.537174, Current moisture: 12.0, Raw moisture: 49.45333333333333
Time: 2026-03-21 11:30:01.834108, Current moisture: 12.0, Raw moisture: 44.7
Time: 2026-03-21 11:45:02.098150, Current moisture: 12.0, Raw moisture: 51.026666666666664
Time: 2026-03-21 12:00:01.376721, Current moisture: 12.0, Raw moisture: 40.20333333333333
Time: 2026-03-21 12:15:01.725405, Current moisture: 12.0, Raw moisture: 57.97
Time: 2026-03-21 12:30:02.026179, Current moisture: 12.0, Raw moisture: 50.02333333333333
Time: 2026-03-21 12:45:01.296909, Current moisture: 12.0, Raw moisture: 49.60666666666667
Time: 2026-03-21 13:00:01.578369, Current moisture: 12.0, Raw moisture: 53.89666666666667
Time: 2026-03-21 13:15:01.933769, Current moisture: 12.0, Raw moisture: 51.91
Time: 2026-03-21 13:30:01.231138, Current moisture: 12.0, Raw moisture: 55.333333333333336
Time: 2026-03-21 13:45:01.484791, Current moisture: 12.0, Raw moisture: 59.93666666666667
Time: 2026-03-21 14:00:01.755292, Current moisture: 12.0, Raw moisture: 57.61
Time: 2026-03-21 14:15:02.111732, Current moisture: 12.0, Raw moisture: 50.553333333333335
Time: 2026-03-21 14:30:01.406759, Current moisture: 12.0, Raw moisture: 45.16
Time: 2026-03-21 14:45:01.680108, Current moisture: 12.0, Raw moisture: 47.95333333333333
Time: 2026-03-21 15:00:01.964164, Current moisture: 12.0, Raw moisture: 26.81
Time: 2026-03-21 15:15:01.323034, Current moisture: 12.0, Raw moisture: 47.99
Time: 2026-03-21 15:30:01.620928, Current moisture: 12.0, Raw moisture: 56.666666666666664
Time: 2026-03-21 15:45:01.887319, Current moisture: 12.0, Raw moisture: 47.093333333333334
Time: 2026-03-21 16:00:02.171582, Current moisture: 12.0, Raw moisture: 25.606666666666666
Time: 2026-03-21 16:15:01.531164, Current moisture: 12.0, Raw moisture: 46.876666666666665
Time: 2026-03-21 16:30:01.822999, Current moisture: 12.0, Raw moisture: 50.376666666666665
Time: 2026-03-21 16:45:02.090092, Current moisture: 12.0, Raw moisture: 48.54333333333334
Time: 2026-03-21 17:00:01.371863, Current moisture: 12.0, Raw moisture: 47.72666666666667
Time: 2026-03-21 17:15:01.725931, Current moisture: 12.0, Raw moisture: 46.17666666666667
Time: 2026-03-21 17:30:02.025573, Current moisture: 12.0, Raw moisture: 49.22666666666667
Time: 2026-03-21 17:45:01.294516, Current moisture: 12.0, Raw moisture: 54.99333333333333
Time: 2026-03-21 18:00:01.571503, Current moisture: 12.0, Raw moisture: 45.38
Time: 2026-03-21 18:15:01.922810, Current moisture: 12.0, Raw moisture: 52.45333333333333
Time: 2026-03-21 18:30:01.211105, Current moisture: 12.0, Raw moisture: 49.75333333333333
Time: 2026-03-21 18:45:01.480252, Current moisture: 12.0, Raw moisture: 53.68666666666667
Time: 2026-03-21 19:00:01.759662, Current moisture: 12.0, Raw moisture: 35.36666666666667
Time: 2026-03-21 19:15:02.117478, Current moisture: 12.0, Raw moisture: 49.61
Time: 2026-03-21 19:30:01.415084, Current moisture: 12.0, Raw moisture: 47.06
Time: 2026-03-21 19:45:01.693299, Current moisture: 12.0, Raw moisture: 47.096666666666664
Time: 2026-03-21 20:00:01.976762, Current moisture: 12.0, Raw moisture: 45.68333333333333
Time: 2026-03-21 20:15:01.334316, Current moisture: 12.0, Raw moisture: 54.373333333333335
Time: 2026-03-21 20:30:01.621665, Current moisture: 12.0, Raw moisture: 46.12
Time: 2026-03-21 20:45:01.884354, Current moisture: 12.0, Raw moisture: 55.25
Time: 2026-03-21 21:00:02.156735, Current moisture: 12.0, Raw moisture: 29.73
Time: 2026-03-21 21:15:01.517212, Current moisture: 12.0, Raw moisture: 47.36666666666667
Time: 2026-03-21 21:30:01.824205, Current moisture: 12.0, Raw moisture: 49.77333333333333
Time: 2026-03-21 21:45:02.100188, Current moisture: 12.0, Raw moisture: 48.54666666666667
Time: 2026-03-21 22:00:01.380677, Current moisture: 12.0, Raw moisture: 40.92333333333333
Time: 2026-03-21 22:15:01.731015, Current moisture: 12.0, Raw moisture: 60.64
Time: 2026-03-21 22:30:02.034380, Current moisture: 12.0, Raw moisture: 57.31
Time: 2026-03-21 22:45:01.300857, Current moisture: 12.0, Raw moisture: 48.4
Time: 2026-03-21 23:00:01.579067, Current moisture: 12.0, Raw moisture: 41.873333333333335
Time: 2026-03-21 23:15:01.931006, Current moisture: 12.0, Raw moisture: 55.31333333333333
Time: 2026-03-21 23:30:01.225622, Current moisture: 12.0, Raw moisture: 45.413333333333334
Time: 2026-03-21 23:45:01.495247, Current moisture: 12.0, Raw moisture: 54.61
Time: 2026-03-22 00:00:01.779615, Current moisture: 12.0, Raw moisture: 38.95
Time: 2026-03-22 00:15:02.145116, Current moisture: 12.0, Raw moisture: 57.93333333333333
Time: 2026-03-22 00:30:01.437789, Current moisture: 12.0, Raw moisture: 47.24333333333333
Time: 2026-03-22 00:45:01.705800, Current moisture: 12.0, Raw moisture: 45.44
Time: 2026-03-22 01:00:01.989243, Current moisture: 9.1, Raw moisture: 18.43
Time: 2026-03-22 01:15:01.354780, Current moisture: 12.0, Raw moisture: 48.50333333333333
Time: 2026-03-22 01:30:01.643665, Current moisture: 12.0, Raw moisture: 57.18333333333333
Time: 2026-03-22 01:45:01.911466, Current moisture: 12.0, Raw moisture: 55.47666666666667
Time: 2026-03-22 02:00:01.193898, Current moisture: 12.0, Raw moisture: 46.61
Time: 2026-03-22 02:15:01.549950, Current moisture: 12.0, Raw moisture: 56.373333333333335
Time: 2026-03-22 02:30:01.841778, Current moisture: 12.0, Raw moisture: 51.196666666666665
Time: 2026-03-22 02:45:02.109802, Current moisture: 12.0, Raw moisture: 43.46333333333333
Time: 2026-03-22 03:00:01.393339, Current moisture: 12.0, Raw moisture: 46.85333333333333
Time: 2026-03-22 03:15:01.758597, Current moisture: 12.0, Raw moisture: 43.54333333333334
Time: 2026-03-22 03:30:02.034979, Current moisture: 12.0, Raw moisture: 54.473333333333336
Time: 2026-03-22 03:45:01.302487, Current moisture: 12.0, Raw moisture: 49.276666666666664
Time: 2026-03-22 04:00:01.579768, Current moisture: 12.0, Raw moisture: 59.39333333333333
Time: 2026-03-22 04:15:01.924531, Current moisture: 12.0, Raw moisture: 49.75333333333333
Time: 2026-03-22 04:30:01.229364, Current moisture: 12.0, Raw moisture: 46.4
Time: 2026-03-22 04:45:01.484258, Current moisture: 12.0, Raw moisture: 54.94
Time: 2026-03-22 05:00:01.765154, Current moisture: 8.3, Raw moisture: 16.516666666666666
Time: 2026-03-22 05:15:02.121877, Current moisture: 12.0, Raw moisture: 50.5
Time: 2026-03-22 05:30:01.425936, Current moisture: 12.0, Raw moisture: 51.556666666666665
Time: 2026-03-22 05:45:01.699201, Current moisture: 12.0, Raw moisture: 53.31666666666667
Time: 2026-03-22 06:00:01.975931, Current moisture: 12.0, Raw moisture: 54.85
Time: 2026-03-22 06:15:01.335719, Current moisture: 12.0, Raw moisture: 49.38
Time: 2026-03-22 06:30:01.660330, Current moisture: 12.0, Raw moisture: 56.11666666666667
Time: 2026-03-22 06:45:01.920170, Current moisture: 12.0, Raw moisture: 53.233333333333334
Time: 2026-03-22 07:00:01.236067, Current moisture: 12.0, Raw moisture: 34.766666666666666
Time: 2026-03-22 07:15:01.591290, Current moisture: 12.0, Raw moisture: 59.13333333333333
Time: 2026-03-22 07:30:01.886081, Current moisture: 12.0, Raw moisture: 51.8
Time: 2026-03-22 07:45:02.157633, Current moisture: 12.0, Raw moisture: 46.68333333333333
Time: 2026-03-22 08:00:01.444422, Current moisture: 12.0, Raw moisture: 38.18333333333333
Time: 2026-03-22 08:15:01.796195, Current moisture: 12.0, Raw moisture: 48.47666666666667
Time: 2026-03-22 08:30:02.093299, Current moisture: 12.0, Raw moisture: 49.04666666666667
Time: 2026-03-22 08:45:01.367127, Current moisture: 12.0, Raw moisture: 54.906666666666666
Time: 2026-03-22 09:00:01.649565, Current moisture: 12.0, Raw moisture: 50.27333333333333
Time: 2026-03-22 09:15:02.000363, Current moisture: 12.0, Raw moisture: 45.74333333333333
Time: 2026-03-22 09:30:01.298264, Current moisture: 12.0, Raw moisture: 46.016666666666666
Time: 2026-03-22 09:45:01.570020, Current moisture: 12.0, Raw moisture: 50.25666666666667
Time: 2026-03-22 10:00:01.831902, Current moisture: 12.0, Raw moisture: 52.913333333333334
Time: 2026-03-22 10:15:01.191585, Current moisture: 12.0, Raw moisture: 51.25666666666667
Time: 2026-03-22 10:30:01.489309, Current moisture: 12.0, Raw moisture: 54.916666666666664
Time: 2026-03-22 10:45:01.743636, Current moisture: 12.0, Raw moisture: 56.62
Time: 2026-03-22 11:00:02.025442, Current moisture: 12.0, Raw moisture: 30.163333333333334
Time: 2026-03-22 11:15:01.378245, Current moisture: 12.0, Raw moisture: 56.2
Time: 2026-03-22 11:30:01.681451, Current moisture: 12.0, Raw moisture: 50.63666666666666
Time: 2026-03-22 11:45:01.959365, Current moisture: 12.0, Raw moisture: 53.44
Time: 2026-03-22 12:00:01.240799, Current moisture: 12.0, Raw moisture: 36.46333333333333
Time: 2026-03-22 12:15:01.595773, Current moisture: 12.0, Raw moisture: 57.57666666666667
Time: 2026-03-22 12:30:01.888156, Current moisture: 12.0, Raw moisture: 49.48
Time: 2026-03-22 12:45:02.158868, Current moisture: 12.0, Raw moisture: 41.026666666666664
Time: 2026-03-22 13:00:01.441365, Current moisture: 12.0, Raw moisture: 40.13333333333333
Time: 2026-03-22 13:15:01.795918, Current moisture: 12.0, Raw moisture: 56.53666666666667
Time: 2026-03-22 13:30:02.103402, Current moisture: 12.0, Raw moisture: 46.736666666666665
Time: 2026-03-22 13:45:01.381848, Current moisture: 12.0, Raw moisture: 52.32666666666667
Time: 2026-03-22 14:00:01.657128, Current moisture: 12.0, Raw moisture: 39.2
Time: 2026-03-22 14:15:02.017505, Current moisture: 12.0, Raw moisture: 59.03666666666667
Time: 2026-03-22 14:30:01.311217, Current moisture: 12.0, Raw moisture: 45.346666666666664
Time: 2026-03-22 14:45:01.575479, Current moisture: 12.0, Raw moisture: 53.28
Time: 2026-03-22 15:00:01.860649, Current moisture: 12.0, Raw moisture: 60.46333333333333
Time: 2026-03-22 15:15:01.221016, Current moisture: 12.0, Raw moisture: 48.31333333333333
Time: 2026-03-22 15:30:01.512330, Current moisture: 12.0, Raw moisture: 47.72666666666667
Time: 2026-03-22 15:45:01.782581, Current moisture: 12.0, Raw moisture: 45.18
Time: 2026-03-22 16:00:02.068140, Current moisture: 12.0, Raw moisture: 45.50666666666667
Time: 2026-03-22 16:15:01.416426, Current moisture: 12.0, Raw moisture: 52.81666666666667
Time: 2026-03-22 16:30:01.716261, Current moisture: 12.0, Raw moisture: 55.13
Time: 2026-03-22 16:45:01.996714, Current moisture: 12.0, Raw moisture: 52.666666666666664
Time: 2026-03-22 17:00:01.259412, Current moisture: 12.0, Raw moisture: 39.78666666666667
Time: 2026-03-22 17:15:01.624649, Current moisture: 12.0, Raw moisture: 58.85333333333333
Time: 2026-03-22 17:30:01.927793, Current moisture: 12.0, Raw moisture: 44.36
Time: 2026-03-22 17:45:01.201116, Current moisture: 12.0, Raw moisture: 42.35666666666667
Time: 2026-03-22 18:00:01.480096, Current moisture: 12.0, Raw moisture: 43.67
Time: 2026-03-22 18:15:01.829676, Current moisture: 12.0, Raw moisture: 48.99333333333333
Time: 2026-03-22 18:30:02.127632, Current moisture: 12.0, Raw moisture: 50.27
Time: 2026-03-22 18:45:01.386244, Current moisture: 12.0, Raw moisture: 52.086666666666666
Time: 2026-03-22 19:00:01.669182, Current moisture: 12.0, Raw moisture: 52.74
Time: 2026-03-22 19:15:02.026371, Current moisture: 12.0, Raw moisture: 47.62
Time: 2026-03-22 19:30:01.318751, Current moisture: 12.0, Raw moisture: 46.56666666666667
Time: 2026-03-22 19:45:01.586545, Current moisture: 12.0, Raw moisture: 44.093333333333334
Time: 2026-03-22 20:00:01.850459, Current moisture: 12.0, Raw moisture: 45.57666666666667
Time: 2026-03-22 20:15:01.206675, Current moisture: 12.0, Raw moisture: 47.516666666666666
Time: 2026-03-22 20:30:01.510303, Current moisture: 12.0, Raw moisture: 57.473333333333336
Time: 2026-03-22 20:45:01.769282, Current moisture: 12.0, Raw moisture: 47.03333333333333
Time: 2026-03-22 21:00:02.052185, Current moisture: 12.0, Raw moisture: 48.266666666666666
Time: 2026-03-22 21:15:01.406698, Current moisture: 12.0, Raw moisture: 55.48
Time: 2026-03-22 21:30:01.707810, Current moisture: 12.0, Raw moisture: 56.906666666666666
Time: 2026-03-22 21:45:01.977764, Current moisture: 12.0, Raw moisture: 52.876666666666665
Time: 2026-03-22 22:00:01.254191, Current moisture: 12.0, Raw moisture: 47.49
Time: 2026-03-22 22:15:01.606875, Current moisture: 12.0, Raw moisture: 57.56333333333333
Time: 2026-03-22 22:30:01.899354, Current moisture: 12.0, Raw moisture: 58.236666666666665
Time: 2026-03-22 22:45:01.180050, Current moisture: 12.0, Raw moisture: 58.663333333333334
Time: 2026-03-22 23:00:01.462001, Current moisture: 12.0, Raw moisture: 39.47666666666667
Time: 2026-03-22 23:15:01.824869, Current moisture: 12.0, Raw moisture: 54.413333333333334
Time: 2026-03-22 23:30:02.128829, Current moisture: 12.0, Raw moisture: 48.11
Time: 2026-03-22 23:45:01.386515, Current moisture: 12.0, Raw moisture: 47.95333333333333
Time: 2026-03-23 00:00:01.669126, Current moisture: 12.0, Raw moisture: 52.22
Time: 2026-03-23 00:15:02.023625, Current moisture: 12.0, Raw moisture: 50.873333333333335
Time: 2026-03-23 00:30:01.319364, Current moisture: 12.0, Raw moisture: 51.52
Time: 2026-03-23 00:45:01.587164, Current moisture: 12.0, Raw moisture: 56.526666666666664
Time: 2026-03-23 01:00:01.868591, Current moisture: 12.0, Raw moisture: 55.026666666666664
Time: 2026-03-23 01:15:01.217936, Current moisture: 12.0, Raw moisture: 54.11333333333334
Time: 2026-03-23 01:30:01.515843, Current moisture: 12.0, Raw moisture: 52.13
Time: 2026-03-23 01:45:01.785546, Current moisture: 12.0, Raw moisture: 58.39333333333333
Time: 2026-03-23 02:00:02.068595, Current moisture: 12.0, Raw moisture: 50.833333333333336
Time: 2026-03-23 02:15:01.418713, Current moisture: 12.0, Raw moisture: 55.54
Time: 2026-03-23 02:30:01.715811, Current moisture: 12.0, Raw moisture: 51.20333333333333
Time: 2026-03-23 02:45:01.984844, Current moisture: 12.0, Raw moisture: 59.54333333333334
Time: 2026-03-23 03:00:01.269041, Current moisture: 12.0, Raw moisture: 41.20666666666666
Time: 2026-03-23 03:15:01.647500, Current moisture: 12.0, Raw moisture: 53.803333333333335
Time: 2026-03-23 03:30:01.946246, Current moisture: 12.0, Raw moisture: 49.656666666666666
Time: 2026-03-23 03:45:01.213386, Current moisture: 12.0, Raw moisture: 53.53333333333333
Time: 2026-03-23 04:00:01.491207, Current moisture: 12.0, Raw moisture: 44.62
Time: 2026-03-23 04:15:01.856875, Current moisture: 12.0, Raw moisture: 48.54666666666667
Time: 2026-03-23 04:30:02.155643, Current moisture: 12.0, Raw moisture: 55.553333333333335
Time: 2026-03-23 04:45:01.427795, Current moisture: 12.0, Raw moisture: 52.163333333333334
Time: 2026-03-23 05:00:01.707464, Current moisture: 12.0, Raw moisture: 34.516666666666666
Time: 2026-03-23 05:15:02.059851, Current moisture: 12.0, Raw moisture: 45.72666666666667
Time: 2026-03-23 05:30:01.355117, Current moisture: 12.0, Raw moisture: 55.04333333333334
Time: 2026-03-23 05:45:01.623805, Current moisture: 12.0, Raw moisture: 45.87
Time: 2026-03-23 06:00:01.908793, Current moisture: 12.0, Raw moisture: 45.68333333333333
Time: 2026-03-23 06:15:01.260936, Current moisture: 12.0, Raw moisture: 46.54666666666667
Time: 2026-03-23 06:30:01.600339, Current moisture: 12.0, Raw moisture: 44.89333333333333
Time: 2026-03-23 06:45:01.860423, Current moisture: 12.0, Raw moisture: 41.39666666666667
Time: 2026-03-23 07:00:02.132803, Current moisture: 12.0, Raw moisture: 43.09
Time: 2026-03-23 07:15:01.488286, Current moisture: 12.0, Raw moisture: 42.83
Time: 2026-03-23 07:30:01.794375, Current moisture: 12.0, Raw moisture: 53.6
Time: 2026-03-23 07:45:02.062037, Current moisture: 12.0, Raw moisture: 50.88
Time: 2026-03-23 08:00:01.334468, Current moisture: 12.0, Raw moisture: 45.49666666666667
Time: 2026-03-23 08:15:01.697990, Current moisture: 12.0, Raw moisture: 54.57
Time: 2026-03-23 08:30:01.991044, Current moisture: 12.0, Raw moisture: 52.66
Time: 2026-03-23 08:45:01.265241, Current moisture: 12.0, Raw moisture: 50.54333333333334
Time: 2026-03-23 09:00:01.533659, Current moisture: 12.0, Raw moisture: 41.38666666666666
Time: 2026-03-23 09:15:01.886763, Current moisture: 12.0, Raw moisture: 46.846666666666664
Time: 2026-03-23 09:30:01.177164, Current moisture: 12.0, Raw moisture: 52.656666666666666
Time: 2026-03-23 09:45:01.443098, Current moisture: 12.0, Raw moisture: 48.08
Time: 2026-03-23 10:00:01.723027, Current moisture: 12.0, Raw moisture: 38.59
Time: 2026-03-23 10:15:02.082704, Current moisture: 12.0, Raw moisture: 54.56666666666667
Time: 2026-03-23 10:30:01.378466, Current moisture: 12.0, Raw moisture: 48.89
Time: 2026-03-23 10:45:01.656615, Current moisture: 12.0, Raw moisture: 44.13666666666666
Time: 2026-03-23 11:00:01.941300, Current moisture: 12.0, Raw moisture: 34.35666666666667
Time: 2026-03-23 11:15:01.290783, Current moisture: 12.0, Raw moisture: 46.833333333333336
Time: 2026-03-23 11:30:01.591064, Current moisture: 12.0, Raw moisture: 53.22666666666667
Time: 2026-03-23 11:45:01.865272, Current moisture: 12.0, Raw moisture: 43.93666666666667
Time: 2026-03-23 12:00:02.148116, Current moisture: 12.0, Raw moisture: 42.63
Time: 2026-03-23 12:15:01.505919, Current moisture: 12.0, Raw moisture: 46.276666666666664
Time: 2026-03-23 12:30:01.816833, Current moisture: 12.0, Raw moisture: 61.18666666666667
Time: 2026-03-23 12:45:02.085967, Current moisture: 12.0, Raw moisture: 54.85
Time: 2026-03-23 13:00:01.364243, Current moisture: 12.0, Raw moisture: 39.83
Time: 2026-03-23 13:15:01.702282, Current moisture: 12.0, Raw moisture: 57.96333333333333
Time: 2026-03-23 13:30:01.999182, Current moisture: 12.0, Raw moisture: 52.24
Time: 2026-03-23 13:45:01.266818, Current moisture: 12.0, Raw moisture: 42.86
Time: 2026-03-23 14:00:01.546052, Current moisture: 12.0, Raw moisture: 35.39333333333333
Time: 2026-03-23 14:15:01.905679, Current moisture: 12.0, Raw moisture: 53.98
Time: 2026-03-23 14:30:01.199793, Current moisture: 12.0, Raw moisture: 48.24666666666667
Time: 2026-03-23 14:45:01.469352, Current moisture: 12.0, Raw moisture: 59.24
Time: 2026-03-23 15:00:01.748599, Current moisture: 12.0, Raw moisture: 35.43333333333333
Time: 2026-03-23 15:15:02.107297, Current moisture: 12.0, Raw moisture: 44.32666666666667
Time: 2026-03-23 15:30:01.402643, Current moisture: 12.0, Raw moisture: 60.81
Time: 2026-03-23 15:45:01.661248, Current moisture: 12.0, Raw moisture: 40.88333333333333
Time: 2026-03-23 16:00:01.948119, Current moisture: 12.0, Raw moisture: 50.39333333333333
Time: 2026-03-23 16:15:01.296587, Current moisture: 12.0, Raw moisture: 58.22666666666667
Time: 2026-03-23 16:30:01.595840, Current moisture: 12.0, Raw moisture: 52.94
Time: 2026-03-23 16:45:01.866766, Current moisture: 12.0, Raw moisture: 51.513333333333335
Time: 2026-03-23 17:00:02.153207, Current moisture: 12.0, Raw moisture: 48.906666666666666
Time: 2026-03-23 17:15:01.508504, Current moisture: 12.0, Raw moisture: 53.01
Time: 2026-03-23 17:30:01.800756, Current moisture: 12.0, Raw moisture: 49.056666666666665
Time: 2026-03-23 17:45:02.070872, Current moisture: 12.0, Raw moisture: 50.35333333333333
Time: 2026-03-23 18:00:01.351153, Current moisture: 12.0, Raw moisture: 51.21666666666667
Time: 2026-03-23 18:15:01.712151, Current moisture: 12.0, Raw moisture: 57.84
Time: 2026-03-23 18:30:02.009963, Current moisture: 12.0, Raw moisture: 54.93
Time: 2026-03-23 18:45:01.278422, Current moisture: 12.0, Raw moisture: 52.12
Time: 2026-03-23 19:00:01.563778, Current moisture: 12.0, Raw moisture: 46.21333333333333
Time: 2026-03-23 19:15:01.917960, Current moisture: 12.0, Raw moisture: 49.516666666666666
Time: 2026-03-23 19:30:01.218206, Current moisture: 12.0, Raw moisture: 53.13
Time: 2026-03-23 19:45:01.487041, Current moisture: 12.0, Raw moisture: 53.29333333333334
Time: 2026-03-23 20:00:01.772315, Current moisture: 12.0, Raw moisture: 57.38333333333333
Time: 2026-03-23 20:15:02.137487, Current moisture: 12.0, Raw moisture: 55.266666666666666
Time: 2026-03-23 20:30:01.431586, Current moisture: 12.0, Raw moisture: 48.343333333333334
Time: 2026-03-23 20:45:01.709551, Current moisture: 12.0, Raw moisture: 50.833333333333336
Time: 2026-03-23 21:00:01.991756, Current moisture: 12.0, Raw moisture: 48.413333333333334
Time: 2026-03-23 21:15:01.345444, Current moisture: 12.0, Raw moisture: 55.14
Time: 2026-03-23 21:30:01.651068, Current moisture: 12.0, Raw moisture: 46.53
Time: 2026-03-23 21:45:01.921971, Current moisture: 12.0, Raw moisture: 53.00666666666667
Time: 2026-03-23 22:00:01.191700, Current moisture: 12.0, Raw moisture: 45.803333333333335
Time: 2026-03-23 22:15:01.542781, Current moisture: 12.0, Raw moisture: 52.89666666666667
Time: 2026-03-23 22:30:01.840769, Current moisture: 12.0, Raw moisture: 55.93333333333333
Time: 2026-03-23 22:45:02.109017, Current moisture: 12.0, Raw moisture: 48.13333333333333
Time: 2026-03-23 23:00:01.391627, Current moisture: 12.0, Raw moisture: 53.6
Time: 2026-03-23 23:15:01.740256, Current moisture: 12.0, Raw moisture: 47.79
Time: 2026-03-23 23:30:02.037590, Current moisture: 12.0, Raw moisture: 47.056666666666665
Time: 2026-03-23 23:45:01.306331, Current moisture: 12.0, Raw moisture: 48.223333333333336
Time: 2026-03-24 00:00:01.580229, Current moisture: 12.0, Raw moisture: 50.04
Time: 2026-03-24 00:15:01.921700, Current moisture: 12.0, Raw moisture: 49.79
Time: 2026-03-24 00:30:01.229238, Current moisture: 12.0, Raw moisture: 48.53666666666667
Time: 2026-03-24 00:45:01.498374, Current moisture: 12.0, Raw moisture: 47.513333333333335
Time: 2026-03-24 01:00:01.777140, Current moisture: 12.0, Raw moisture: 54.43666666666667
Time: 2026-03-24 01:15:02.118484, Current moisture: 12.0, Raw moisture: 45.04333333333334
Time: 2026-03-24 01:30:01.418345, Current moisture: 12.0, Raw moisture: 50.56
Time: 2026-03-24 01:45:01.697269, Current moisture: 12.0, Raw moisture: 49.736666666666665
Time: 2026-03-24 02:00:01.980884, Current moisture: 12.0, Raw moisture: 57.946666666666665
Time: 2026-03-24 02:15:01.328927, Current moisture: 12.0, Raw moisture: 54.973333333333336
Time: 2026-03-24 02:30:01.632539, Current moisture: 12.0, Raw moisture: 47.86333333333334
Time: 2026-03-24 02:45:01.899626, Current moisture: 12.0, Raw moisture: 48.276666666666664
Time: 2026-03-24 03:00:01.174026, Current moisture: 12.0, Raw moisture: 43.413333333333334
Time: 2026-03-24 03:15:01.544994, Current moisture: 12.0, Raw moisture: 53.42666666666667
Time: 2026-03-24 03:30:01.854751, Current moisture: 12.0, Raw moisture: 53.46333333333333
Time: 2026-03-24 03:45:02.126685, Current moisture: 12.0, Raw moisture: 47.52
Time: 2026-03-24 04:00:01.408501, Current moisture: 12.0, Raw moisture: 44.52333333333333
Time: 2026-03-24 04:15:01.758909, Current moisture: 12.0, Raw moisture: 59.24666666666667
Time: 2026-03-24 04:30:02.064017, Current moisture: 12.0, Raw moisture: 52.6
Time: 2026-03-24 04:45:01.337536, Current moisture: 12.0, Raw moisture: 42.18
Time: 2026-03-24 05:00:01.615807, Current moisture: 12.0, Raw moisture: 49.71333333333333
Time: 2026-03-24 05:15:01.967010, Current moisture: 12.0, Raw moisture: 54.13666666666666
Time: 2026-03-24 05:30:01.256327, Current moisture: 12.0, Raw moisture: 54.89333333333333
Time: 2026-03-24 05:45:01.536381, Current moisture: 12.0, Raw moisture: 50.946666666666665
Time: 2026-03-24 06:00:01.797369, Current moisture: 12.0, Raw moisture: 49.026666666666664
Time: 2026-03-24 06:15:02.150647, Current moisture: 12.0, Raw moisture: 52.91
Time: 2026-03-24 06:30:01.489768, Current moisture: 12.0, Raw moisture: 53.74333333333333
Time: 2026-03-24 06:45:01.754875, Current moisture: 12.0, Raw moisture: 55.46666666666667
Time: 2026-03-24 07:00:02.036544, Current moisture: 12.0, Raw moisture: 48.79666666666667
Time: 2026-03-24 07:15:01.398571, Current moisture: 12.0, Raw moisture: 43.99
Time: 2026-03-24 07:30:01.701892, Current moisture: 12.0, Raw moisture: 57.77
Time: 2026-03-24 07:45:01.969667, Current moisture: 12.0, Raw moisture: 44.14666666666667
Time: 2026-03-24 08:00:01.253077, Current moisture: 12.0, Raw moisture: 31.156666666666666
Time: 2026-03-24 08:15:01.616572, Current moisture: 12.0, Raw moisture: 62.233333333333334
Time: 2026-03-24 08:30:01.913999, Current moisture: 12.0, Raw moisture: 50.74
Time: 2026-03-24 08:45:01.178868, Current moisture: 12.0, Raw moisture: 58.45333333333333
Time: 2026-03-24 09:00:01.461247, Current moisture: 12.0, Raw moisture: 31.673333333333332
Time: 2026-03-24 09:15:01.824185, Current moisture: 12.0, Raw moisture: 46.736666666666665
Time: 2026-03-24 09:30:02.120045, Current moisture: 12.0, Raw moisture: 42.67666666666667
Time: 2026-03-24 09:45:01.397011, Current moisture: 12.0, Raw moisture: 51.20333333333333
Time: 2026-03-24 10:00:01.656524, Current moisture: 12.0, Raw moisture: 36.64333333333333
Time: 2026-03-24 10:15:02.009366, Current moisture: 12.0, Raw moisture: 47.11666666666667
Time: 2026-03-24 10:30:01.305479, Current moisture: 12.0, Raw moisture: 47.53666666666667
Time: 2026-03-24 10:45:01.572300, Current moisture: 12.0, Raw moisture: 56.723333333333336
Time: 2026-03-24 11:00:01.861844, Current moisture: 12.0, Raw moisture: 50.93333333333333
Time: 2026-03-24 11:15:01.169344, Current moisture: 12.0, Raw moisture: 50.01
